time,total,infeasible,duplicate,unique
0.56299996376,2,0,0,1
1.15499997139,3,0,0,2
1.70799994469,4,0,0,3
2.33100008965,5,0,0,4
2.91000008583,6,0,0,5
3.40799999237,6,1,0,5
3.98099994659,7,1,0,6
4.60400009155,8,1,0,7
5.13400006294,8,2,0,7
5.70499992371,9,2,0,8
6.27300000191,10,2,0,9
6.88499999046,11,2,0,10
7.42100000381,12,2,0,11
7.97799992561,13,2,1,11
8.61299991608,14,2,1,12
9.17199993134,15,2,1,13
9.72600007057,16,2,1,14
10.2279999256,16,3,1,14
10.8500001431,17,3,1,15
11.4290001392,18,3,1,16
12.0510001183,19,3,1,17
12.617000103,20,3,1,18
13.2279999256,21,3,1,19
13.8519999981,21,4,1,19
14.4200000763,22,4,1,20
14.9850001335,23,4,1,21
15.5420000553,23,5,1,21
16.0959999561,24,5,1,22
16.6600000858,25,5,1,23
17.2239999771,26,5,1,24
17.871999979,27,5,1,25
18.4460000992,28,5,1,26
18.989000082,29,5,2,26
19.5399999619,29,6,2,26
20.1500000954,30,6,2,27
20.753000021,31,6,2,28
21.3250000477,32,6,3,28
21.9549999237,33,6,3,29
22.5320000648,34,6,3,30
23.1040000916,35,6,3,31
23.5959999561,35,7,3,31
24.239000082,36,7,3,32
24.7980000973,37,7,3,33
25.3589999676,38,7,3,34
25.9190001488,39,7,3,35
26.5460000038,40,7,4,35
27.125,41,7,4,36
27.6730000973,42,7,5,36
28.2820000648,43,7,5,37
28.9119999409,44,7,5,38
29.5120000839,45,7,5,39
30.0920000076,46,7,5,40
30.7179999352,47,7,5,41
31.2829999924,48,7,5,42
31.881000042,49,7,5,43
32.4769999981,50,7,5,44
33.1440000534,51,7,5,45
33.7239999771,52,7,6,45
34.2990000248,53,7,6,46
34.8570001125,54,7,6,47
35.4119999409,54,8,6,47
35.9579999447,55,8,6,48
36.5,56,8,7,48
37.0910000801,57,8,7,49
37.7220001221,58,8,7,50
38.2990000248,59,8,7,51
38.861000061,60,8,7,52
39.4430000782,61,8,7,53
39.993999958,61,9,7,53
40.5529999733,62,9,7,54
41.1330001354,63,9,7,55
41.7750000954,64,9,7,56
42.3340001106,65,9,7,57
42.9060001373,66,9,7,58
43.4900000095,67,9,7,59
44.1300001144,68,9,8,59
44.7039999962,69,9,8,60
45.2799999714,70,9,8,61
45.7690000534,70,10,8,61
46.4219999313,70,11,8,61
46.9609999657,70,12,8,61
47.5190000534,71,12,9,61
48.0899999142,72,12,9,62
48.7070000172,73,12,10,62
49.2829999924,74,12,10,63
49.8459999561,75,12,10,64
50.4520001411,76,12,10,65
51.0799999237,77,12,11,65
51.6540000439,78,12,11,66
52.2090001106,79,12,11,67
52.7630000114,79,13,11,67
53.3370001316,80,13,11,68
53.9200000763,81,13,12,68
54.495000124,82,13,12,69
55.1240000725,83,13,12,70
55.7030000687,84,13,12,71
56.2929999828,85,13,12,72
56.7899999619,85,14,12,72
57.4149999619,86,14,12,73
57.9909999371,87,14,12,74
58.5820000172,88,14,13,74
59.1809999943,89,14,13,75
59.8229999542,90,14,13,76
60.4060001373,91,14,13,77
60.986000061,92,14,13,78
61.5440001488,93,14,13,79
62.1740000248,94,14,14,79
62.743999958,95,14,15,79
63.3310000896,96,14,15,80
63.8789999485,96,15,15,80
64.4579999447,97,15,16,80
65.0299999714,98,15,16,81
65.6019999981,98,16,16,81
66.2400000095,99,16,16,82
66.7990000248,100,16,17,82
67.367000103,101,16,18,82
67.9309999943,102,16,18,83
68.5759999752,103,16,18,84
69.1440000534,104,16,18,85
69.6440000534,104,17,18,85
70.253000021,105,17,18,86
70.8710000515,106,17,18,87
71.4449999332,107,17,19,87
72.0310001373,108,17,20,87
72.5940001011,109,17,20,88
73.2330000401,110,17,21,88
73.7890000343,111,17,21,89
74.361000061,112,17,21,90
74.986000061,113,17,21,91
75.5480000973,114,17,22,91
76.1319999695,115,17,22,92
76.6930000782,116,17,22,93
77.3259999752,117,17,22,94
77.9010000229,118,17,22,95
78.4639999866,119,17,22,96
79.0499999523,120,17,22,97
79.6730000973,121,17,22,98
80.2430000305,122,17,22,99
80.8080000877,123,17,22,100
81.3819999695,124,17,22,101
82.0080001354,125,17,22,102
82.5880000591,126,17,22,103
83.1610000134,127,17,22,104
83.7030000687,128,17,23,104
84.3540000916,129,17,24,104
84.9520001411,130,17,24,105
85.4549999237,130,18,24,105
86.0959999561,131,18,24,106
86.6760001183,132,18,24,107
87.2569999695,133,18,25,107
87.8399999142,134,18,25,108
88.4829998016,135,18,25,109
89.0369999409,136,18,26,109
89.6039998531,137,18,26,110
90.1799998283,138,18,26,111
90.8179998398,139,18,27,111
91.3069999218,139,19,27,111
91.890999794,140,19,27,112
92.4629998207,141,19,28,112
93.0719997883,142,19,28,113
93.626999855,143,19,28,114
94.2259998322,144,19,28,115
94.8119997978,145,19,28,116
95.4499998093,146,19,28,117
96.018999815,147,19,29,117
96.5169999599,147,20,29,117
97.1559998989,148,20,29,118
97.7379999161,149,20,29,119
98.3209998608,150,20,29,120
98.907999754,151,20,30,120
99.5759999752,152,20,30,121
100.159999847,153,20,30,122
100.729999781,154,20,30,123
101.299999952,155,20,30,124
101.932999849,156,20,30,125
102.443999767,156,21,30,125
103.018999815,157,21,30,126
103.60199976,158,21,30,127
104.263999939,159,21,30,128
104.852999926,160,21,30,129
105.440999985,161,21,30,130
106.037999868,162,21,30,131
106.699999809,163,21,30,132
107.27699995,164,21,30,133
107.848999977,165,21,31,133
108.455999851,166,21,32,133
109.046999931,167,21,32,134
109.606999874,168,21,32,135
110.204999924,169,21,32,136
110.854999781,170,21,33,136
111.427999973,171,21,33,137
111.995999813,172,21,33,138
112.582999945,173,21,33,139
113.267999887,174,21,34,139
113.866999865,175,21,35,139
114.436999798,176,21,35,140
115.023999929,177,21,36,140
115.689999819,178,21,36,141
116.292999983,179,21,36,142
116.862999916,180,21,36,143
117.455999851,181,21,36,144
118.087999821,182,21,36,145
118.673999786,183,21,37,145
119.251999855,184,21,38,145
119.881999969,185,21,38,146
120.448999882,186,21,39,146
121.025999784,186,22,39,146
121.604999781,187,22,39,147
122.253999949,188,22,40,147
122.862999916,189,22,41,147
123.453999758,190,22,41,148
123.958999872,190,23,41,148
124.60199976,191,23,41,149
125.17599988,192,23,41,150
125.745999813,193,23,41,151
126.333999872,194,23,42,151
126.889999866,194,24,42,151
127.490999937,195,24,43,151
128.076999903,196,24,43,152
128.590999842,196,25,43,152
129.258999825,197,25,43,153
129.836999893,198,25,43,154
130.430999756,199,25,44,154
131.075999975,200,25,44,155
131.647999763,201,25,45,155
132.249999762,202,25,45,156
132.805999756,203,25,45,157
133.553999901,204,25,45,158
134.157999754,205,25,45,159
134.730999947,206,25,46,159
135.27699995,206,26,46,159
135.929999828,207,26,46,160
136.494999886,208,26,47,160
137.056999922,209,26,48,160
137.632999897,210,26,48,161
138.28399992,211,26,49,161
138.888999939,212,26,50,161
139.485999823,213,26,50,162
140.068999767,214,26,50,163
140.705999851,215,26,51,163
141.280999899,216,26,52,163
141.877999783,217,26,52,164
142.520999908,218,26,53,164
143.097999811,219,26,53,165
143.599999905,219,27,53,165
144.179999828,220,27,53,166
144.859999895,221,27,54,166
145.45299983,222,27,55,166
146.023999929,223,27,55,167
146.600999832,224,27,55,168
147.258999825,225,27,55,169
147.84499979,226,27,55,170
148.432999849,227,27,56,170
149.031999826,228,27,56,171
149.674999952,229,27,56,172
150.261999846,230,27,57,172
150.869999886,231,27,57,173
151.462999821,231,28,57,173
152.031999826,231,29,57,173
152.613999844,232,29,57,174
153.203999758,233,29,57,175
153.85199976,234,29,58,175
154.443999767,235,29,59,175
155.031999826,236,29,59,176
155.649999857,237,29,60,176
156.315999985,238,29,61,176
156.893999815,239,29,61,177
157.47699976,240,29,62,177
158.038999796,241,29,62,178
158.713999748,242,29,62,179
159.318999767,243,29,63,179
159.912999868,244,29,63,180
160.491999865,245,29,63,181
161.135999918,246,29,63,182
161.7099998,247,29,63,183
162.296999931,248,29,63,184
162.888999939,249,29,63,185
163.528999805,250,29,63,186
164.107999802,251,29,64,186
164.688999891,251,30,64,186
165.341999769,252,30,64,187
165.921999931,253,30,65,187
166.502999783,254,30,65,188
167.082999945,255,30,65,189
167.716999769,256,30,65,190
168.290999889,257,30,65,191
168.872999907,258,30,65,192
169.432999849,259,30,65,193
170.088999748,260,30,65,194
170.674999952,261,30,66,194
171.267999887,262,30,67,194
171.839999914,263,30,67,195
172.488999844,264,30,68,195
173.080999851,265,30,68,196
173.676999807,266,30,68,197
174.263999939,267,30,68,198
174.909999847,268,30,69,198
175.490999937,269,30,69,199
176.07799983,270,30,69,200
176.734999895,271,30,70,200
177.31099987,272,30,70,201
177.920999765,273,30,71,201
178.438999891,273,31,71,201
179.009999752,273,32,71,201
179.596999884,274,32,72,201
180.180999756,275,32,72,202
180.753999949,276,32,72,203
181.407999754,277,32,72,204
181.982999802,278,32,72,205
182.57799983,279,32,73,205
183.160999775,280,32,73,206
183.72699976,280,33,73,206
184.320999861,281,33,74,206
184.905999899,282,33,74,207
185.485999823,283,33,74,208
186.131999969,284,33,75,208
186.698999882,285,33,75,209
187.296999931,286,33,75,210
187.940999985,287,33,75,211
188.515999794,288,33,76,211
189.105999947,289,33,76,212
189.69299984,290,33,77,212
190.338999748,291,33,77,213
190.902999878,292,33,77,214
191.419999838,292,34,77,214
191.990999937,293,34,77,215
192.672999859,294,34,77,216
193.284999847,295,34,77,217
193.875999928,295,35,77,217
194.447999954,296,35,77,218
195.075999975,297,35,77,219
195.710999966,298,35,78,219
196.309999943,299,35,78,220
196.906999826,300,35,78,221
197.551999807,301,35,79,221
198.132999897,302,35,79,222
198.700999975,303,35,79,223
199.341999769,304,35,79,224
199.907999754,304,36,79,224
200.502999783,305,36,79,225
201.062999964,306,36,79,226
201.700999975,307,36,79,227
202.253999949,308,36,80,227
202.794999838,308,37,80,227
203.359999895,309,37,81,227
204.002999783,310,37,81,228
204.556999922,311,37,82,228
205.125999928,312,37,82,229
205.715999842,312,38,82,229
206.368999958,313,38,82,230
206.965999842,314,38,82,231
207.559999943,314,39,82,231
208.139999866,315,39,83,231
208.784999847,316,39,84,231
209.403999805,317,39,84,232
209.904999971,317,40,84,232
210.56799984,318,40,84,233
211.155999899,318,41,84,233
211.744999886,319,41,84,234
212.338999748,320,41,84,235
212.984999895,321,41,84,236
213.562999964,322,41,84,237
214.161999941,323,41,84,238
214.743999958,323,42,84,238
215.398999929,324,42,85,238
215.992999792,325,42,85,239
216.562999964,326,42,85,240
217.130999804,327,42,85,241
217.819999933,328,42,85,242
218.419999838,329,42,85,243
219.040999889,330,42,85,244
219.642999887,331,42,86,244
220.289999962,332,42,86,245
220.883999825,333,42,86,246
221.470999956,334,42,86,247
222.146999836,335,42,86,248
222.738999844,336,42,86,249
223.314999819,336,43,86,249
223.889999866,337,43,86,250
224.569999933,338,43,86,251
225.154999971,339,43,86,252
225.745999813,340,43,87,252
226.329999924,341,43,87,253
226.96999979,342,43,88,253
227.559999943,343,43,89,253
228.14199996,344,43,89,254
228.724999905,345,43,90,254
229.362999916,346,43,91,254
229.937999964,347,43,92,254
230.515999794,348,43,92,255
231.108999968,349,43,92,256
231.758999825,350,43,93,256
232.356999874,351,43,93,257
232.96999979,352,43,93,258
233.629999876,353,43,93,259
234.222999811,354,43,94,259
234.81799984,355,43,95,259
235.430999756,356,43,95,260
236.10199976,357,43,95,261
236.699999809,358,43,95,262
237.298999786,359,43,95,263
237.878999949,359,44,95,263
238.520999908,360,44,95,264
239.117999792,361,44,96,264
239.704999924,362,44,97,264
240.286999941,363,44,98,264
240.936999798,364,44,98,265
241.53399992,365,44,98,266
242.135999918,366,44,98,267
242.722999811,367,44,98,268
243.363999844,368,44,98,269
243.898999929,368,45,98,269
244.491999865,369,45,98,270
245.147999763,370,45,98,271
245.754999876,371,45,99,271
246.357999802,372,45,99,272
246.955999851,373,45,99,273
247.625999928,374,45,99,274
248.273999929,375,45,99,275
248.90199995,376,45,99,276
249.513999939,377,45,99,277
250.181999922,378,45,99,278
250.784999847,379,45,99,279
251.356999874,380,45,100,279
251.973999977,381,45,100,280
252.657999754,382,45,100,281
253.284999847,383,45,100,282
253.888999939,384,45,100,283
254.492999792,385,45,100,284
255.14199996,386,45,100,285
255.725999832,387,45,100,286
256.301999807,388,45,100,287
256.949999809,389,45,100,288
257.532999754,390,45,101,288
258.144999981,391,45,102,288
258.722999811,392,45,103,288
259.392999887,393,45,103,289
260.062999964,394,45,104,289
260.643999815,395,45,104,290
261.232999802,396,45,104,291
261.849999905,397,45,105,291
262.426999807,398,45,105,292
263.002999783,399,45,105,293
263.574999809,400,45,105,294
264.214999914,401,45,106,294
264.792999983,402,45,107,294
265.375999928,403,45,107,295
265.982999802,404,45,107,296
266.661999941,405,45,107,297
267.250999928,406,45,107,298
267.868999958,407,45,108,298
268.544999838,408,45,108,299
269.105999947,409,45,108,300
269.701999903,410,45,108,301
270.279999971,411,45,108,302
270.948999882,412,45,109,302
271.481999874,412,46,109,302
271.996999979,412,47,109,302
272.587999821,413,47,109,303
273.273999929,413,48,109,303
273.856999874,414,48,110,303
274.460999966,415,48,110,304
275.053999901,416,48,110,305
275.703999758,417,48,111,305
276.292999983,418,48,112,305
276.883999825,419,48,112,306
277.490999937,420,48,112,307
278.161999941,421,48,113,307
278.744999886,422,48,114,307
279.336999893,423,48,115,307
280.03399992,423,49,115,307
280.630999804,424,49,115,308
281.272999763,425,49,115,309
281.871999979,426,49,115,310
282.537999868,427,49,115,311
283.045999765,427,50,115,311
283.662999868,428,50,115,312
284.249999762,429,50,116,312
284.90199995,430,50,116,313
285.501999855,431,50,116,314
286.092999935,432,50,116,315
286.691999912,433,50,116,316
287.382999897,434,50,116,317
288.052999973,435,50,117,317
288.638999939,436,50,118,317
289.214999914,437,50,118,318
289.866999865,438,50,118,319
290.474999905,439,50,118,320
291.090999842,440,50,118,321
291.767999887,441,50,118,322
292.362999916,442,50,118,323
292.974999905,443,50,119,323
293.573999882,444,50,119,324
294.224999905,445,50,120,324
294.813999891,446,50,121,324
295.419999838,447,50,122,324
296.000999928,448,50,123,324
296.679999828,449,50,124,324
297.270999908,450,50,124,325
297.865999937,451,50,125,325
298.471999884,452,50,125,326
299.125999928,453,50,125,327
299.711999893,454,50,125,328
300.31799984,455,50,125,329
300.972999811,456,50,125,330
301.626999855,457,50,125,331
302.193999767,458,50,125,332
302.7099998,458,51,125,332
303.320999861,458,52,125,332
303.933999777,459,52,125,333
304.531999826,460,52,125,334
305.128999949,461,52,126,334
305.796999931,462,52,127,334
306.397999763,463,52,127,335
306.992999792,464,52,127,336
307.589999914,465,52,127,337
308.241999865,466,52,127,338
308.831999779,467,52,127,339
309.428999901,468,52,127,340
310.042999983,469,52,127,341
310.695999861,470,52,127,342
311.281999826,471,52,128,342
311.897999763,472,52,128,343
312.530999899,473,52,129,343
313.178999901,474,52,130,343
313.764999866,475,52,130,344
314.348999977,476,52,130,345
315.047999859,477,52,130,346
315.620999813,478,52,131,346
316.130999804,478,53,131,346
316.703999758,479,53,131,347
317.379999876,480,53,131,348
317.997999907,480,54,131,348
318.598999977,481,54,132,348
319.211999893,482,54,132,349
319.875999928,483,54,133,349
320.48699975,484,54,134,349
321.109999895,485,54,134,350
321.691999912,486,54,134,351
322.35199976,487,54,134,352
322.943999767,488,54,135,352
323.571999788,489,54,135,353
324.171999931,490,54,135,354
324.829999924,491,54,136,354
325.44299984,492,54,137,354
326.029999971,493,54,138,354
326.693999767,494,54,139,354
327.285999775,495,54,139,355
327.887999773,496,54,140,355
328.487999916,497,54,140,356
329.095999956,497,55,140,356
329.701999903,498,55,140,357
330.309999943,499,55,140,358
330.821999788,499,56,140,358
331.461999893,500,56,140,359
332.038999796,501,56,140,360
332.609999895,502,56,140,361
333.189999819,503,56,140,362
333.858999968,504,56,140,363
334.483999968,505,56,140,364
335.076999903,506,56,141,364
335.680999756,507,56,142,364
336.350999832,508,56,142,365
336.97699976,509,56,142,366
337.607999802,510,56,142,367
338.280999899,511,56,143,367
338.887999773,512,56,143,368
339.46999979,513,56,143,369
340.073999882,514,56,144,369
340.749999762,515,56,144,370
341.324999809,516,56,145,370
341.915999889,516,57,145,370
342.515999794,517,57,145,371
343.098999977,517,58,145,371
343.694999933,518,58,145,372
344.280999899,519,58,146,372
344.900999784,520,58,147,372
345.555999756,521,58,147,373
346.131999969,522,58,147,374
346.717999935,523,58,147,375
347.314999819,524,58,147,376
347.96999979,525,58,148,376
348.551999807,526,58,148,377
349.167999983,527,58,149,377
349.825999975,528,58,149,378
350.422999859,529,58,150,378
350.999999762,530,58,150,379
351.621999979,531,58,150,380
352.204999924,531,59,150,380
352.795999765,532,59,151,380
353.402999878,533,59,151,381
353.974999905,534,59,151,382
354.625999928,535,59,152,382
355.213999748,536,59,152,383
355.717999935,536,60,152,383
356.264999866,536,61,152,383
356.913999796,537,61,153,383
357.532999754,538,61,153,384
358.136999846,539,61,153,385
358.762999773,540,61,153,386
359.411999941,541,61,154,386
359.995999813,542,61,154,387
360.569999933,543,61,154,388
361.214999914,544,61,155,388
361.820999861,545,61,155,389
362.40899992,546,61,156,389
363.021999836,547,61,157,389
363.684999943,548,61,157,390
364.29399991,549,61,158,390
364.902999878,550,61,159,390
365.522999763,551,61,159,391
366.171999931,552,61,159,392
366.758999825,553,61,159,393
367.354999781,554,61,159,394
367.9599998,555,61,160,394
368.633999825,556,61,160,395
369.216999769,557,61,161,395
369.82799983,558,61,161,396
370.429999828,559,61,162,396
371.075999975,560,61,162,397
371.647999763,561,61,163,397
372.234999895,562,61,163,398
372.89199996,563,61,163,399
373.405999899,563,62,163,399
374.008999825,564,62,163,400
374.609999895,565,62,163,401
375.275999784,565,63,163,401
375.90199995,566,63,163,402
376.564999819,567,63,163,403
377.163999796,568,63,163,404
377.840999842,569,63,163,405
378.473999977,570,63,163,406
379.091999769,571,63,163,407
379.689999819,572,63,163,408
380.32799983,573,63,164,408
380.860999823,573,64,164,408
381.445999861,574,64,165,408
382.04399991,575,64,165,409
382.710999966,576,64,166,409
383.287999868,577,64,166,410
383.880999804,578,64,166,411
384.524999857,579,64,166,412
385.115999937,580,64,167,412
385.636999846,580,65,167,412
386.27699995,581,65,167,413
386.960999966,582,65,167,414
387.559999943,583,65,167,415
388.176999807,584,65,167,416
388.786999941,584,66,167,416
389.458999872,585,66,168,416
390.041999817,586,66,169,416
390.64199996,587,66,169,417
391.232999802,588,66,170,417
391.911999941,589,66,170,418
392.529999971,590,66,170,419
393.117999792,591,66,171,419
393.752999783,592,66,172,419
394.453999758,593,66,173,419
395.098999977,594,66,173,420
395.70299983,595,66,173,421
396.381999969,596,66,174,421
396.994999886,597,66,174,422
397.580999851,598,66,174,423
398.16899991,599,66,174,424
398.865999937,600,66,174,425
399.46999979,601,66,174,426
400.071999788,602,66,175,426
400.661999941,603,66,175,427
401.319999933,604,66,176,427
401.906999826,605,66,176,428
402.529999971,606,66,177,428
403.129999876,607,66,178,428
403.792000055,608,66,178,429
404.383999825,609,66,178,430
404.980999947,610,66,179,430
405.572000027,611,66,180,430
406.200999975,612,66,180,431
406.77699995,613,66,180,432
407.402999878,614,66,180,433
408.079999924,615,66,180,434
408.677999973,616,66,180,435
409.282999992,617,66,180,436
409.881999969,618,66,180,437
410.54399991,619,66,180,438
411.121000051,620,66,181,438
411.710999966,621,66,181,439
412.284999847,622,66,181,440
412.919999838,623,66,181,441
413.508999825,624,66,181,442
414.092000008,625,66,181,443
414.68599987,626,66,182,443
415.355999947,627,66,182,444
415.961999893,628,66,182,445
416.569000006,629,66,182,446
417.16899991,630,66,183,446
417.881000042,631,66,183,447
418.553999901,632,66,183,448
419.194999933,633,66,183,449
420.062000036,634,66,183,450
420.671999931,635,66,183,451
421.188999891,635,67,183,451
421.848999977,636,67,184,451
422.539000034,637,67,184,452
423.164000034,638,67,184,453
423.721999884,639,67,185,453
424.306999922,640,67,186,453
424.970000029,641,67,186,454
425.56799984,641,68,186,454
426.164000034,642,68,186,455
426.747999907,643,68,187,455
427.43599987,644,68,187,456
428.059000015,645,68,187,457
428.638999939,646,68,188,457
429.248999834,647,68,188,458
429.876999855,648,68,188,459
430.490999937,649,68,189,459
431.099999905,650,68,189,460
431.809000015,651,68,190,460
432.409999847,652,68,190,461
433.00999999,653,68,190,462
433.61500001,654,68,191,462
434.263000011,655,68,191,463
434.86500001,656,68,192,463
435.470999956,657,68,193,463
436.055999994,658,68,194,463
436.697000027,659,68,195,463
437.296000004,660,68,196,463
437.909999847,660,69,196,463
438.507999897,661,69,196,464
439.188999891,662,69,196,465
439.779999971,663,69,197,465
440.360999823,664,69,197,466
440.944999933,665,69,197,467
441.600999832,666,69,197,468
442.194000006,667,69,197,469
442.779000044,668,69,198,469
443.440000057,669,69,198,470
444.063999891,670,69,199,470
444.678999901,671,69,199,471
445.296000004,672,69,200,471
445.976999998,673,69,200,472
446.600999832,674,69,200,473
447.228999853,675,69,200,474
447.828999996,676,69,200,475
448.565000057,677,69,201,475
449.148999929,678,69,202,475
449.787999868,679,69,202,476
450.381999969,680,69,203,476
451.032999992,681,69,203,477
451.621000051,682,69,203,478
452.208999872,683,69,203,479
452.796000004,684,69,203,480
453.454999924,685,69,203,481
454.030999899,686,69,204,481
454.625999928,687,69,205,481
455.292999983,688,69,205,482
455.868000031,689,69,206,482
456.470000029,690,69,206,483
457.052999973,691,69,207,483
457.744999886,692,69,208,483
458.266000032,692,70,208,483
458.859999895,693,70,208,484
459.417000055,694,70,209,484
460.062000036,695,70,209,485
460.657999992,696,70,209,486
461.248999834,697,70,210,486
461.845000029,697,71,210,486
462.496000051,698,71,211,486
463.090999842,699,71,212,486
463.697000027,700,71,212,487
464.284999847,701,71,212,488
464.929999828,701,72,212,488
465.530999899,702,72,212,489
466.145999908,703,72,212,490
466.806999922,704,72,212,491
467.398999929,705,72,212,492
467.973999977,705,73,212,492
468.59800005,706,73,212,493
469.303999901,707,73,213,493
469.950999975,708,73,214,493
470.56799984,709,73,214,494
471.167999983,710,73,214,495
471.813999891,711,73,214,496
472.398999929,712,73,214,497
472.988999844,713,73,214,498
473.566999912,714,73,214,499
474.157999992,714,74,214,499
474.753000021,715,74,215,499
475.345000029,716,74,216,499
475.99000001,717,74,216,500
476.65899992,718,74,216,501
477.266000032,719,74,216,502
477.837999821,720,74,216,503
478.503999949,721,74,216,504
479.082000017,722,74,216,505
479.66899991,723,74,216,506
480.279999971,723,75,216,506
480.940999985,724,75,216,507
481.531999826,725,75,216,508
482.121000051,726,75,217,508
482.690000057,727,75,217,509
483.340999842,728,75,217,510
483.950000048,729,75,217,511
484.531999826,730,75,217,512
485.121000051,731,75,218,512
485.819000006,732,75,218,513
486.440000057,733,75,219,513
487.031999826,734,75,220,513
487.625,735,75,220,514
488.27699995,736,75,220,515
488.856999874,737,75,220,516
489.434000015,738,75,220,517
490.138999939,739,75,220,518
490.720000029,740,75,220,519
491.322000027,741,75,221,519
491.937000036,742,75,222,519
492.595999956,743,75,223,519
493.191999912,744,75,223,520
493.787999868,744,76,223,520
494.376999855,745,76,224,520
495.040999889,746,76,224,521
495.622999907,747,76,224,522
496.131999969,747,77,224,522
496.744999886,748,77,224,523
497.421000004,749,77,225,523
498.019999981,750,77,225,524
498.619999886,751,77,225,525
499.217999935,752,77,226,525
499.881000042,753,77,227,525
500.477999926,754,77,227,526
501.062000036,755,77,227,527
501.661999941,756,77,228,527
502.336999893,757,77,229,527
502.930999994,758,77,230,527
503.569999933,759,77,230,528
504.266000032,760,77,230,529
504.850999832,761,77,231,529
505.432999849,762,77,232,529
506.0,763,77,233,529
506.557999849,764,77,233,530
507.211999893,765,77,233,531
507.81799984,766,77,234,531
508.480999947,767,77,234,532
509.108999968,768,77,234,533
509.809000015,769,77,234,534
510.414000034,770,77,235,534
511.013999939,771,77,235,535
511.621999979,772,77,236,535
512.214999914,772,78,236,535
512.806999922,773,78,236,536
513.415999889,774,78,236,537
514.046000004,775,78,236,538
514.758999825,776,78,236,539
515.34800005,777,78,236,540
516.006999969,778,78,236,541
516.68599987,779,78,236,542
517.297999859,780,78,236,543
517.881000042,781,78,236,544
518.485999823,782,78,236,545
519.080999851,783,78,236,546
519.733999968,784,78,236,547
520.325000048,785,78,237,547
520.938999891,786,78,237,548
521.569000006,787,78,238,548
522.236999989,788,78,238,549
522.833999872,789,78,239,549
523.454999924,790,78,240,549
524.04399991,791,78,241,549
524.690000057,792,78,241,550
525.27699995,793,78,241,551
525.855000019,794,78,241,552
526.391000032,794,79,241,552
527.06799984,795,79,241,553
527.665999889,796,79,241,554
528.269999981,797,79,241,555
528.894000053,798,79,241,556
529.555999994,799,79,241,557
530.178999901,800,79,242,557
530.770999908,801,79,242,558
531.338999987,802,79,242,559
532.029000044,803,79,242,560
532.638000011,804,79,242,561
533.253999949,804,80,242,561
533.842000008,805,80,243,561
534.546999931,806,80,244,561
535.15899992,807,80,244,562
535.767999887,808,80,245,562
536.366999865,809,80,246,562
537.06799984,810,80,246,563
537.678999662,811,80,247,563
538.274999857,812,80,248,563
538.938999891,813,80,249,563
539.516999722,814,80,249,564
540.121999741,815,80,249,565
540.721999884,816,80,249,566
541.382999659,817,80,249,567
541.980999708,818,80,249,568
542.56799984,819,80,249,569
543.178999662,820,80,249,570
543.850999832,821,80,249,571
544.487999678,822,80,250,571
545.074999809,823,80,250,572
545.674999714,824,80,250,573
546.345999718,824,81,250,573
546.937999725,825,81,250,574
547.548999786,826,81,250,575
548.136999846,827,81,250,576
548.785999775,828,81,250,577
549.37899971,829,81,251,577
550.007999659,830,81,251,578
550.608999729,831,81,251,579
551.289999723,832,81,251,580
551.877999783,833,81,251,581
552.497999668,834,81,251,582
553.090999842,835,81,251,583
553.745999813,836,81,251,584
554.32799983,837,81,252,584
554.916999817,838,81,252,585
555.499999762,839,81,253,585
556.217999697,840,81,253,586
556.812999725,841,81,253,587
557.417999744,842,81,253,588
558.136999846,843,81,253,589
558.738999844,844,81,254,589
559.32799983,845,81,254,590
559.913999796,846,81,254,591
560.495999813,847,81,254,592
561.154999733,848,81,254,593
561.754999876,849,81,255,593
562.357999802,850,81,255,594
562.960999727,851,81,255,595
563.689999819,852,81,256,595
564.304999828,853,81,256,596
564.887999773,854,81,256,597
565.482999802,855,81,256,598
566.156999826,856,81,257,598
566.756999731,857,81,258,598
567.36899972,858,81,258,599
567.948999882,859,81,258,600
568.623999834,860,81,258,601
569.211999655,861,81,258,602
569.858999729,862,81,258,603
570.484999657,863,81,259,603
571.143999815,864,81,259,604
571.730999708,865,81,259,605
572.335999727,866,81,259,606
572.958999872,867,81,260,606
573.634999752,868,81,260,607
574.245999813,869,81,261,607
574.860999823,870,81,262,607
575.477999687,871,81,262,608
576.164999723,872,81,263,608
576.744999886,873,81,263,609
577.34499979,874,81,264,609
577.890999794,874,82,264,609
578.580999851,875,82,264,610
579.188999891,876,82,264,611
579.785999775,877,82,264,612
580.401999712,878,82,264,613
581.074999809,879,82,265,613
581.68599987,880,82,265,614
582.31099987,881,82,265,615
582.908999681,882,82,265,616
583.590999842,883,82,265,617
584.182999849,884,82,265,618
584.787999868,884,83,265,618
585.457999706,885,83,266,618
586.044999838,886,83,267,618
586.647999763,886,84,267,618
587.251999855,887,84,267,619
587.922999859,888,84,268,619
588.523999691,889,84,269,619
589.159999847,890,84,269,620
589.777999878,891,84,269,621
590.496999741,892,84,269,622
591.105999708,893,84,270,622
591.739999771,894,84,270,623
592.366999865,895,84,270,624
593.091999769,896,84,270,625
593.733999729,897,84,270,626
594.337999821,898,84,270,627
594.93599987,899,84,270,628
595.609999657,900,84,270,629
596.227999687,901,84,270,630
596.818999767,902,84,270,631
597.412999868,903,84,270,632
598.0849998,904,84,270,633
598.672999859,905,84,270,634
599.271999836,906,84,270,635
599.950999737,906,85,270,635
600.558999777,907,85,270,636
601.147999763,908,85,270,637
601.735999823,909,85,271,637
602.279999733,909,86,271,637
602.945999861,910,86,272,637
603.566999674,911,86,272,638
604.178999662,912,86,272,639
604.706999779,912,87,272,639
605.401999712,913,87,273,639
606.004999876,914,87,274,639
606.64599967,915,87,274,640
607.242999792,916,87,274,641
607.916999817,917,87,274,642
608.542999744,918,87,274,643
609.153999805,919,87,274,644
609.746999741,920,87,274,645
610.422999859,921,87,274,646
610.95299983,921,88,274,646
611.582999706,922,88,274,647
612.199999809,923,88,274,648
612.876999855,924,88,274,649
613.487999678,925,88,275,649
614.088999748,925,89,275,649
614.724999666,926,89,275,650
615.312999725,926,90,275,650
615.947999716,927,90,275,651
616.548999786,928,90,276,651
617.164999723,929,90,276,652
617.837999821,930,90,276,653
618.467999697,931,90,277,653
619.058999777,931,91,277,653
619.668999672,932,91,277,654
620.3349998,932,92,277,654
620.947999716,933,92,277,655
621.588999748,934,92,277,656
622.197999716,935,92,277,657
622.856999874,936,92,278,657
623.453999758,937,92,279,657
624.082999706,938,92,280,657
624.696999788,939,92,281,657
625.370999813,940,92,282,657
625.975999832,941,92,282,658
626.585999727,942,92,283,658
627.269999743,943,92,283,659
627.879999876,944,92,283,660
628.50399971,945,92,283,661
629.049999714,945,93,283,661
629.730999708,946,93,283,662
630.347999811,947,93,283,663
630.954999685,948,93,283,664
631.526999712,949,93,284,664
632.20299983,950,93,284,665
632.771999836,951,93,284,666
633.39599967,952,93,284,667
634.028999805,953,93,284,668
634.667999744,953,94,284,668
635.275999784,954,94,285,668
635.869999886,955,94,285,669
636.461999655,956,94,285,670
637.182999849,957,94,286,670
637.80099988,958,94,286,671
638.39599967,959,94,286,672
639.036999702,960,94,286,673
639.721999884,961,94,286,674
640.337999821,962,94,287,674
640.967999697,963,94,287,675
641.575999737,964,94,287,676
642.277999878,965,94,288,676
642.869999886,966,94,288,677
643.479999781,967,94,289,677
644.073999882,968,94,289,678
644.648999691,969,94,289,679
645.323999882,970,94,289,680
645.926999807,971,94,290,680
646.542999744,972,94,290,681
647.147999763,972,95,290,681
647.822999716,973,95,290,682
648.416999817,974,95,290,683
649.000999689,975,95,290,684
649.596999884,976,95,290,685
650.197999716,976,96,290,685
650.803999662,977,96,290,686
651.439999819,978,96,291,686
652.052999735,979,96,291,687
652.762999773,980,96,291,688
653.401999712,980,97,291,688
654.058999777,981,97,291,689
654.677999735,982,97,291,690
655.391999722,983,97,291,691
655.996999741,984,97,291,692
656.615999699,985,97,292,692
657.22699976,986,97,292,693
657.926999807,987,97,293,693
658.554999828,988,97,293,694
659.157999754,989,97,294,694
659.762999773,990,97,294,695
660.427999735,991,97,294,696
661.03099966,992,97,294,697
661.648999691,993,97,294,698
662.28099966,994,97,294,699
662.879999876,995,97,295,699
663.561999798,996,97,296,699
664.162999868,997,97,297,699
664.768999815,998,97,297,700
665.387999773,999,97,298,700
666.078999758,1000,97,299,700
666.695999861,1001,97,300,700
667.262999773,1002,97,301,700
667.862999678,1003,97,301,701
668.55099988,1004,97,302,701
669.127999783,1005,97,303,701
669.797999859,1006,97,303,702
670.420999765,1007,97,303,703
671.11899972,1008,97,303,704
671.718999863,1009,97,303,705
672.316999674,1010,97,303,706
672.944999695,1011,97,303,707
673.629999876,1012,97,304,707
674.21999979,1013,97,305,707
674.822999716,1014,97,306,707
675.445999861,1015,97,307,707
676.168999672,1015,98,307,707
676.765999794,1016,98,307,708
677.372999668,1017,98,307,709
677.966999769,1018,98,307,710
678.649999857,1019,98,307,711
679.215999842,1020,98,308,711
679.819999695,1021,98,309,711
680.419999838,1022,98,309,712
681.043999672,1023,98,309,713
681.754999876,1024,98,310,713
682.397999763,1025,98,310,714
682.995999813,1026,98,310,715
683.606999874,1026,99,310,715
684.295999765,1027,99,310,716
684.92599988,1028,99,310,717
685.523999691,1029,99,310,718
686.163999796,1030,99,310,719
686.869999886,1031,99,310,720
687.495999813,1032,99,310,721
688.105999708,1033,99,310,722
688.728999853,1034,99,311,722
689.43599987,1035,99,311,723
690.066999674,1036,99,311,724
690.689999819,1037,99,312,724
691.301999807,1038,99,312,725
691.907999754,1039,99,313,725
692.630999804,1040,99,313,726
693.314999819,1041,99,313,727
693.916999817,1042,99,314,727
694.637999773,1043,99,314,728
695.246999741,1044,99,314,729
695.832999706,1045,99,315,729
696.422999859,1046,99,315,730
697.097999811,1047,99,315,731
697.699999809,1048,99,316,731
698.311999798,1049,99,316,732
698.909999847,1050,99,316,733
699.533999681,1051,99,316,734
700.23699975,1052,99,317,734
700.856999874,1053,99,317,735
701.473999739,1054,99,317,736
702.0849998,1055,99,318,736
702.814999819,1056,99,318,737
703.451999664,1057,99,318,738
704.054999828,1058,99,318,739
704.669999838,1059,99,318,740
705.286999702,1060,99,318,741
705.978999853,1061,99,318,742
706.572999716,1062,99,318,743
707.178999662,1063,99,318,744
707.814999819,1064,99,318,745
708.512999773,1065,99,319,745
709.136999846,1066,99,320,745
709.688999891,1066,100,320,745
710.287999868,1067,100,320,746
710.9599998,1068,100,320,747
711.558999777,1069,100,320,748
712.181999683,1070,100,320,749
712.949999809,1071,100,320,750
713.55099988,1072,100,321,750
714.182999849,1073,100,321,751
714.801999807,1074,100,321,752
715.492999792,1075,100,321,753
716.120999813,1076,100,321,754
716.738999844,1077,100,321,755
717.367999792,1078,100,322,755
718.007999659,1079,100,322,756
718.704999685,1080,100,323,756
719.304999828,1081,100,323,757
719.93599987,1082,100,323,758
720.532999754,1083,100,323,759
721.223999739,1084,100,323,760
721.839999676,1085,100,323,761
722.432999849,1086,100,323,762
723.025999784,1087,100,323,763
723.62899971,1088,100,324,763
724.313999891,1089,100,325,763
724.933999777,1090,100,326,763
725.463999748,1090,101,326,763
726.095999718,1091,101,326,764
726.792999744,1091,102,326,764
727.387999773,1092,102,326,765
727.997999668,1093,102,326,766
728.595999718,1094,102,326,767
729.332999706,1095,102,327,767
729.923999786,1096,102,328,767
730.543999672,1097,102,328,768
731.241999865,1098,102,328,769
731.852999687,1099,102,328,770
732.494999886,1100,102,328,771
733.110999823,1101,102,329,771
733.802999735,1102,102,329,772
734.401999712,1103,102,329,773
735.017999887,1104,102,330,773
735.622999668,1105,102,330,774
736.255999804,1106,102,330,775
736.989999771,1107,102,330,776
737.60199976,1108,102,330,777
738.210999727,1109,102,331,777
738.82799983,1110,102,331,778
739.516999722,1111,102,332,778
740.127999783,1112,102,333,778
740.70299983,1113,102,334,778
741.313999891,1114,102,334,779
741.95299983,1115,102,334,780
742.64599967,1116,102,334,781
743.261999846,1117,102,334,782
743.852999687,1118,102,334,783
744.453999758,1119,102,334,784
745.151999712,1120,102,334,785
745.744999886,1121,102,335,785
746.360999823,1122,102,335,786
746.97699976,1123,102,335,787
747.678999662,1124,102,335,788
748.269999743,1125,102,335,789
748.939999819,1126,102,335,790
749.693999767,1127,102,335,791
750.297999859,1128,102,336,791
750.914999723,1129,102,336,792
751.551999807,1130,102,336,793
752.239999771,1131,102,337,793
752.849999666,1132,102,337,794
753.438999891,1133,102,337,795
754.032999754,1134,102,338,795
754.621999741,1135,102,339,795
755.31799984,1136,102,339,796
755.909999847,1137,102,339,797
756.548999786,1138,102,339,798
757.189999819,1139,102,339,799
757.890999794,1140,102,339,800
758.531999826,1141,102,339,801
759.164999723,1142,102,340,801
759.769999743,1143,102,340,802
760.366999865,1144,102,340,803
761.06799984,1145,102,340,804
761.669999838,1145,103,340,804
762.291999817,1146,103,340,805
762.913999796,1147,103,340,806
763.61199975,1148,103,341,806
764.221999884,1148,104,341,806
764.859999657,1149,104,341,807
765.464999676,1150,104,342,807
766.177999735,1151,104,342,808
766.787999868,1152,104,342,809
767.428999662,1153,104,342,810
768.122999668,1154,104,343,810
768.735999823,1155,104,343,811
769.349999666,1156,104,344,811
769.955999851,1157,104,344,812
770.642999887,1158,104,344,813
771.235999823,1158,105,344,813
771.850999832,1159,105,344,814
772.509999752,1160,105,344,815
773.092999697,1161,105,345,815
773.821999788,1162,105,346,815
774.436999798,1163,105,347,815
775.053999662,1164,105,347,816
775.659999847,1165,105,347,817
776.36899972,1166,105,347,818
777.007999659,1167,105,347,819
777.608999729,1168,105,347,820
778.238999844,1168,106,347,820
778.850999832,1169,106,347,821
779.526999712,1170,106,348,821
780.15599966,1171,106,349,821
780.765999794,1172,106,349,822
781.398999691,1173,106,350,822
782.076999664,1174,106,350,823
782.712999821,1175,106,350,824
783.258999825,1175,107,350,824
783.906999826,1176,107,350,825
784.614999771,1177,107,351,825
785.290999889,1178,107,351,826
785.815999746,1178,108,351,826
786.557999849,1179,108,351,827
787.169999838,1180,108,351,828
787.826999664,1181,108,351,829
788.43599987,1182,108,352,829
789.071999788,1182,109,352,829
789.662999868,1183,109,353,829
790.257999659,1183,110,353,829
790.790999889,1183,111,353,829
791.440999746,1184,111,353,830
792.177999735,1185,111,353,831
792.821999788,1186,111,353,832
793.451999664,1187,111,354,832
794.071999788,1188,111,354,833
794.76099968,1189,111,354,834
795.402999878,1190,111,354,835
795.970999718,1191,111,355,835
796.576999664,1192,111,355,836
797.222999811,1193,111,355,837
797.937999725,1194,111,355,838
798.545999765,1195,111,355,839
799.246999741,1196,111,355,840
799.872999668,1197,111,356,840
800.566999674,1198,111,356,841
801.194999695,1199,111,356,842
801.807999849,1200,111,357,842
802.46999979,1201,111,357,843
803.15599966,1202,111,358,843
803.751999855,1203,111,359,843
804.372999668,1204,111,359,844
805.061999798,1205,111,360,844
805.68599987,1206,111,361,844
806.273999691,1207,111,362,844
806.931999683,1207,112,362,844
807.634999752,1208,112,362,845
808.24399972,1209,112,362,846
808.884999752,1210,112,363,846
809.52099967,1211,112,363,847
810.138999701,1211,113,363,847
810.823999882,1212,113,364,847
811.467999697,1213,113,364,848
812.103999853,1214,113,364,849
812.716999769,1215,113,364,850
813.541999817,1216,113,364,851
814.328999758,1217,113,364,852
814.946999788,1218,113,365,852
815.614999771,1219,113,366,852
816.286999702,1220,113,367,852
816.907999754,1221,113,367,853
817.707999706,1222,113,367,854
818.333999872,1223,113,368,854
818.965999842,1224,113,368,855
819.56799984,1225,113,368,856
820.263999701,1226,113,369,856
820.889999866,1227,113,370,856
821.508999825,1228,113,370,857
822.122999668,1229,113,370,858
822.731999874,1230,113,371,858
823.343999863,1231,113,371,859
824.05099988,1231,114,371,859
824.653999805,1232,114,372,859
825.287999868,1233,114,372,860
825.904999733,1234,114,372,861
826.628999949,1235,114,373,861
827.23699975,1236,114,373,862
827.890999794,1237,114,374,862
828.494999886,1238,114,375,862
829.107999802,1239,114,375,863
829.750999928,1240,114,375,864
830.461999893,1241,114,376,864
831.082999945,1242,114,377,864
831.765999794,1243,114,377,865
832.407999754,1244,114,378,865
833.19299984,1245,114,378,866
833.814999819,1246,114,379,866
834.419999838,1247,114,379,867
835.005999804,1248,114,380,867
835.649999857,1249,114,380,868
836.278999805,1250,114,380,869
837.034999847,1251,114,380,870
837.646999836,1252,114,380,871
838.325999737,1253,114,380,872
838.956999779,1254,114,380,873
839.65899992,1255,114,380,874
840.286999941,1256,114,380,875
840.89199996,1257,114,380,876
841.498999834,1258,114,381,876
842.119999886,1259,114,382,876
842.791999817,1260,114,383,876
843.527999878,1261,114,384,876
844.144999743,1262,114,384,877
844.754999876,1263,114,384,878
845.389999866,1264,114,384,879
846.074999809,1265,114,385,879
846.687999964,1266,114,385,880
847.30099988,1267,114,386,880
847.939999819,1268,114,387,880
848.547999859,1269,114,388,880
849.163999796,1269,115,388,880
849.909999847,1270,115,389,880
850.532999754,1271,115,389,881
851.170999765,1272,115,389,882
851.821999788,1273,115,389,883
852.556999922,1274,115,390,883
853.166999817,1275,115,390,884
853.770999908,1276,115,390,885
854.369999886,1277,115,390,886
855.006999731,1278,115,390,887
855.670999765,1279,115,390,888
856.381999731,1280,115,390,889
857.057999849,1281,115,390,890
857.681999922,1282,115,390,891
858.321999788,1283,115,390,892
859.069999933,1284,115,390,893
859.725999832,1285,115,390,894
860.358999729,1286,115,390,895
860.98699975,1287,115,391,895
861.648999929,1288,115,391,896
862.288999796,1289,115,392,896
863.005999804,1290,115,392,897
863.660999775,1291,115,392,898
864.279999733,1292,115,393,898
864.923999786,1293,115,393,899
865.663999796,1294,115,393,900
866.309999943,1295,115,393,901
866.927999735,1296,115,394,901
867.571999788,1297,115,394,902
868.191999912,1298,115,394,903
868.832999945,1299,115,394,904
869.521999836,1300,115,394,905
870.143999815,1301,115,395,905
870.768999815,1302,115,395,906
871.382999897,1303,115,395,907
872.057999849,1304,115,395,908
872.674999952,1305,115,396,908
873.281999826,1306,115,397,908
873.898000002,1307,115,397,909
874.507999897,1308,115,397,910
875.118000031,1309,115,397,911
875.814999819,1310,115,397,912
876.444999933,1311,115,398,912
877.095000029,1312,115,398,913
877.707999945,1313,115,398,914
878.328999996,1313,116,398,914
878.927999973,1314,116,399,914
879.534999847,1315,116,399,915
880.092000008,1315,117,399,915
880.646999836,1315,118,399,915
881.271999836,1316,118,399,916
881.967999935,1317,118,400,916
882.557999849,1318,118,401,916
883.169999838,1319,118,402,916
883.767999887,1320,118,402,917
884.455999851,1320,119,402,917
885.076999903,1321,119,402,918
885.666999817,1322,119,403,918
886.294999838,1323,119,403,919
886.93599987,1324,119,404,919
887.530999899,1325,119,404,920
888.236999989,1326,119,404,921
888.845000029,1327,119,404,922
889.444999933,1328,119,404,923
890.055999994,1329,119,404,924
890.776000023,1330,119,404,925
891.388999939,1331,119,404,926
891.983999968,1332,119,405,926
892.599999905,1332,120,405,926
893.217999935,1333,120,405,927
893.855999947,1334,120,405,928
894.480999947,1334,121,405,928
895.102999926,1335,121,405,929
895.732999802,1336,121,405,930
896.355000019,1337,121,405,931
897.07799983,1338,121,406,931
897.70299983,1339,121,407,931
898.324999809,1340,121,407,932
898.965999842,1341,121,407,933
899.610999823,1342,121,407,934
900.231999874,1342,122,407,934
900.953999996,1343,122,407,935
901.578999996,1344,122,408,935
902.208999872,1345,122,408,936
902.865999937,1346,122,408,937
903.586999893,1347,122,408,938
904.222999811,1348,122,408,939
904.842999935,1349,122,408,940
905.508999825,1350,122,409,940
906.178999901,1351,122,410,940
906.77699995,1352,122,411,940
907.491999865,1353,122,412,940
908.130999804,1354,122,412,941
908.747999907,1355,122,412,942
909.381999969,1356,122,412,943
910.132999897,1357,122,413,943
910.79399991,1358,122,413,944
911.40199995,1359,122,413,945
912.004999876,1360,122,414,945
912.649999857,1361,122,414,946
913.261999846,1362,122,414,947
913.967000008,1363,122,414,948
914.605999947,1364,122,414,949
915.2099998,1365,122,414,950
915.852999687,1366,122,414,951
916.56799984,1367,122,414,952
917.200999737,1368,122,414,953
917.812999725,1369,122,415,953
918.436999798,1370,122,416,953
919.062999725,1371,122,416,954
919.679999828,1372,122,416,955
920.380999804,1373,122,416,956
920.996999741,1374,122,417,956
921.625999689,1375,122,418,956
922.278999805,1376,122,418,957
923.001999855,1377,122,418,958
923.616999865,1378,122,418,959
924.222999811,1379,122,418,960
924.835999727,1380,122,418,961
925.455999851,1381,122,418,962
926.080999851,1382,122,419,962
926.797999859,1383,122,419,963
927.428999662,1384,122,420,963
928.043999672,1385,122,420,964
928.690999746,1386,122,421,964
929.425999641,1387,122,421,965
930.075999737,1388,122,422,965
930.681999683,1389,122,422,966
931.324999809,1390,122,423,966
931.937999725,1391,122,423,967
932.558999777,1392,122,424,967
933.194999695,1392,123,424,967
933.799999714,1393,123,425,967
934.420999765,1394,123,425,968
935.053999662,1395,123,425,969
935.773999691,1396,123,425,970
936.389999866,1397,123,425,971
937.015999794,1398,123,425,972
937.629999638,1399,123,425,973
938.246999741,1400,123,425,974
938.881999731,1401,123,425,975
939.626999855,1402,123,425,976
940.266999722,1403,123,425,977
940.893999815,1404,123,425,978
941.535999775,1405,123,425,979
942.25399971,1406,123,425,980
942.865999699,1407,123,425,981
943.411999702,1407,124,425,981
944.089999676,1408,124,425,982
944.695999861,1409,124,425,983
945.315999746,1410,124,426,983
946.009999752,1411,124,427,983
946.614999771,1412,124,427,984
947.21999979,1413,124,428,984
947.807999849,1414,124,428,985
948.53099966,1415,124,428,986
949.150999784,1416,124,428,987
949.757999659,1417,124,428,988
950.376999855,1418,124,428,989
950.99399972,1419,124,428,990
951.656999826,1420,124,428,991
952.391999722,1421,124,428,992
953.038999796,1422,124,428,993
953.659999847,1423,124,428,994
954.322999716,1424,124,429,994
955.066999674,1425,124,430,994
955.68599987,1426,124,430,995
956.287999868,1427,124,430,996
956.925999641,1428,124,430,997
957.559999704,1429,124,430,998
958.163999796,1430,124,430,999
958.863999844,1431,124,431,999
959.48699975,1432,124,432,999
960.11199975,1433,124,432,1000
960.661999702,1433,125,432,1000
961.389999866,1434,125,432,1001
962.038999796,1435,125,432,1002
962.674999714,1436,125,433,1002
963.259999752,1437,125,434,1002
963.884999752,1438,125,434,1003
964.508999825,1439,125,434,1004
965.140999794,1439,126,434,1004
965.73699975,1440,126,435,1004
966.371999741,1441,126,436,1004
967.001999855,1442,126,437,1004
967.783999681,1443,126,438,1004
968.401999712,1444,126,438,1005
969.015999794,1445,126,439,1005
969.648999691,1446,126,439,1006
970.282999754,1447,126,439,1007
970.925999641,1447,127,439,1007
971.623999834,1448,127,439,1008
972.273999691,1449,127,439,1009
972.896999836,1450,127,439,1010
973.539999723,1451,127,439,1011
974.264999866,1452,127,439,1012
974.876999855,1453,127,439,1013
975.494999647,1454,127,440,1013
976.097999811,1455,127,441,1013
976.700999737,1456,127,441,1014
977.31099987,1457,127,441,1015
978.02799964,1458,127,441,1016
978.646999836,1459,127,441,1017
979.267999649,1460,127,442,1017
979.89599967,1461,127,442,1018
980.624999762,1462,127,442,1019
981.264999866,1462,128,442,1019
981.874999762,1463,128,442,1020
982.479999781,1464,128,442,1021
983.089999676,1465,128,442,1022
983.679999828,1466,128,443,1022
984.429999828,1467,128,444,1022
985.064999819,1468,128,444,1023
985.697999716,1469,128,444,1024
986.32799983,1470,128,444,1025
987.075999737,1471,128,444,1026
987.688999653,1472,128,445,1026
988.293999672,1473,128,445,1027
988.901999712,1474,128,446,1027
989.535999775,1475,128,447,1027
990.139999866,1476,128,448,1027
990.76099968,1476,129,448,1027
991.36199975,1477,129,448,1028
991.999999762,1478,129,449,1028
992.768999815,1479,129,449,1029
993.500999689,1480,129,449,1030
994.11199975,1481,129,449,1031
994.710999727,1482,129,450,1031
995.339999676,1483,129,450,1032
995.985999823,1484,129,450,1033
996.608999729,1485,129,451,1033
997.324999809,1486,129,451,1034
997.937999725,1487,129,451,1035
998.586999655,1488,129,451,1036
999.215999842,1489,129,451,1037
999.921999693,1490,129,451,1038
1000.53599977,1490,130,451,1038
